<?xml version="1.0" encoding="UTF-8"?>
<metadata xml:lang="id"><Esri><CreaDate>20210911</CreaDate><CreaTime>11010700</CreaTime><ArcGISFormat>1.0</ArcGISFormat><SyncOnce>FALSE</SyncOnce><DataProperties><lineage><Process ToolSource="c:\program files (x86)\arcgis\desktop10.3\ArcToolbox\Toolboxes\Data Management Tools.tbx\CalculateField" Date="20190825" Time="205500">CalculateField Rawan_Bencana_Banjir_AR Sumber "Masterplan Penanggulangan Bencana Kota Denpasar Tahun 2016" VB #</Process><Process ToolSource="c:\program files (x86)\arcgis\desktop10.3\ArcToolbox\Toolboxes\Data Management Tools.tbx\CalculateField" Date="20190825" Time="205513">CalculateField Rawan_Bencana_Banjir_AR Sumber "Masterplan Penanggulangan Bencana Kota Denpasar Tahun 2016" VB #</Process><Process ToolSource="c:\program files (x86)\arcgis\desktop10.3\ArcToolbox\Toolboxes\Data Management Tools.tbx\CalculateField" Date="20190825" Time="205525">CalculateField Rawan_Bencana_Banjir_AR Rawan_Benc "Banjir" VB #</Process><Process ToolSource="c:\program files (x86)\arcgis\desktop10.4\ArcToolbox\Toolboxes\Data Management Tools.tbx\CalculateField" Date="20190829" Time="155040">CalculateField union KRB_03 ""Banjir, " &amp; [KRB_03]" VB #</Process><Process ToolSource="c:\program files (x86)\arcgis\desktop10.4\ArcToolbox\Toolboxes\Data Management Tools.tbx\CalculateField" Date="20190829" Time="160053">CalculateField union KRB_03 ""Instrusi Air Laut, " &amp; [KRB_03]" VB #</Process><Process ToolSource="c:\program files (x86)\arcgis\desktop10.4\ArcToolbox\Toolboxes\Data Management Tools.tbx\CalculateField" Date="20190829" Time="160357">CalculateField union KRB_03 ""Tsunami," &amp; [KRB_03]" VB #</Process><Process ToolSource="c:\program files (x86)\arcgis\desktop10.3\ArcToolbox\Toolboxes\Data Management Tools.tbx\CalculateField" Date="20190904" Time="124157">CalculateField _5171_25KT_AR_PR_DENPASAR_2019 NAMOBJ "Sungai" VB #</Process><Process ToolSource="c:\program files (x86)\arcgis\desktop10.3\ArcToolbox\Toolboxes\Data Management Tools.tbx\CalculateField" Date="20190904" Time="124208">CalculateField _5171_25KT_AR_PR_DENPASAR_2019 JNSSPR "Sungai" VB #</Process><Process ToolSource="c:\program files (x86)\arcgis\desktop10.3\ArcToolbox\Toolboxes\Data Management Tools.tbx\CalculateField" Date="20190904" Time="124220">CalculateField _5171_25KT_AR_PR_DENPASAR_2019 ORDE01 "Tubuh Air" VB #</Process><Process ToolSource="c:\program files (x86)\arcgis\desktop10.3\ArcToolbox\Toolboxes\Data Management Tools.tbx\CalculateField" Date="20190904" Time="124233">CalculateField _5171_25KT_AR_PR_DENPASAR_2019 ORDE02 "Sungai" VB #</Process><Process ToolSource="c:\program files (x86)\arcgis\desktop10.3\ArcToolbox\Toolboxes\Data Management Tools.tbx\CalculateField" Date="20190904" Time="124245">CalculateField _5171_25KT_AR_PR_DENPASAR_2019 KETOBJ "Taman Hutan Raya" VB #</Process><Process ToolSource="c:\program files (x86)\arcgis\desktop10.3\ArcToolbox\Toolboxes\Data Management Tools.tbx\CalculateField" Date="20190904" Time="124252">CalculateField _5171_25KT_AR_PR_DENPASAR_2019 ORDE03 " " VB #</Process><Process ToolSource="c:\program files (x86)\arcgis\desktop10.3\ArcToolbox\Toolboxes\Data Management Tools.tbx\CalculateField" Date="20190904" Time="131756">CalculateField _5171_25KT_AR_PR_DENPASAR_2019 ORDE03 "Taman" VB #</Process><Process ToolSource="c:\program files (x86)\arcgis\desktop10.3\ArcToolbox\Toolboxes\Data Management Tools.tbx\CalculateField" Date="20190904" Time="131806">CalculateField _5171_25KT_AR_PR_DENPASAR_2019 NAMOBJ "Taman" VB #</Process><Process ToolSource="c:\program files (x86)\arcgis\desktop10.3\ArcToolbox\Toolboxes\Data Management Tools.tbx\CalculateField" Date="20190904" Time="153629">CalculateField _5171_25KT_AR_PR_DENPASAR_2019 ORDE03 "Taman" VB #</Process><Process ToolSource="c:\program files (x86)\arcgis\desktop10.3\ArcToolbox\Toolboxes\Data Management Tools.tbx\CalculateField" Date="20190909" Time="123757">CalculateField _5171_25KT_AR_PR_DENPASAR_2019 KETOBJ " " VB #</Process><Process ToolSource="c:\program files (x86)\arcgis\desktop10.3\ArcToolbox\Toolboxes\Data Management Tools.tbx\CalculateField" Date="20190909" Time="123828">CalculateField _5171_25KT_AR_PR_DENPASAR_2019 KETOBJ " " VB #</Process><Process ToolSource="c:\program files (x86)\arcgis\desktop10.3\ArcToolbox\Toolboxes\Data Management Tools.tbx\CalculateField" Date="20190915" Time="124329">CalculateField _5171_25KT_AR_PR_DENPASAR_2019 JNSSPR "Tubuh Air" VB #</Process><Process ToolSource="c:\program files (x86)\arcgis\desktop10.3\ArcToolbox\Toolboxes\Data Management Tools.tbx\CalculateField" Date="20191004" Time="190248">CalculateField _5171_25KT_AR_PR_DENPASAR_2019_1 WADMKC " " VB #</Process><Process ToolSource="c:\program files (x86)\arcgis\desktop10.3\ArcToolbox\Toolboxes\Data Management Tools.tbx\CalculateField" Date="20191004" Time="190444">CalculateField _5171_25KT_AR_PR_DENPASAR_201 WADMKC [Kecamatan] VB #</Process><Process ToolSource="c:\program files (x86)\arcgis\desktop10.3\ArcToolbox\Toolboxes\Data Management Tools.tbx\CalculateField" Date="20191113" Time="173454">CalculateField _5171_25KT_AR_PR_DENPASAR_2019_241019 KP2B_2 "Tidak Ada" VB #</Process><Process ToolSource="c:\program files (x86)\arcgis\desktop10.3\ArcToolbox\Toolboxes\Data Management Tools.tbx\CalculateField" Date="20191113" Time="173810">CalculateField _5171_25KT_AR_PR_DENPASAR_206 KP2B_2 [LP2B_2] VB #</Process><Process ToolSource="c:\program files (x86)\arcgis\desktop10.3\ArcToolbox\Toolboxes\Data Management Tools.tbx\CalculateField" Date="20191113" Time="173942">CalculateField _5171_25KT_AR_PR_DENPASAR_206 ORDE01 "Kawasan Pertanian" VB #</Process><Process ToolSource="c:\program files (x86)\arcgis\desktop10.3\ArcToolbox\Toolboxes\Data Management Tools.tbx\CalculateField" Date="20191113" Time="173952">CalculateField _5171_25KT_AR_PR_DENPASAR_206 ORDE02 "Kawasan Tanaman Pangan" VB #</Process><Process ToolSource="c:\program files (x86)\arcgis\desktop10.3\ArcToolbox\Toolboxes\Data Management Tools.tbx\CalculateField" Date="20191114" Time="115919">CalculateField Pola_Ruang_AR_Dissolve WADMKK " " VB #</Process><Process ToolSource="c:\program files (x86)\arcgis\desktop10.3\ArcToolbox\Toolboxes\Data Management Tools.tbx\CalculateField" Date="20191114" Time="115925">CalculateField Pola_Ruang_AR_Dissolve WADMKC " " VB #</Process><Process ToolSource="c:\program files (x86)\arcgis\desktop10.3\ArcToolbox\Toolboxes\Data Management Tools.tbx\CalculateField" Date="20191114" Time="115950">CalculateField Pola_Ruang_AR_Dissolve LUASHA " " VB #</Process><Process ToolSource="c:\program files (x86)\arcgis\desktop10.3\ArcToolbox\Toolboxes\Data Management Tools.tbx\CalculateField" Date="20191114" Time="120202">CalculateField Pola_Ruang_AR_Dissolve_Disso JNSSPR "Kawasan Budidaya" VB #</Process><Process ToolSource="c:\program files (x86)\arcgis\desktop10.3\ArcToolbox\Toolboxes\Data Management Tools.tbx\CalculateField" Date="20191114" Time="120210">CalculateField Pola_Ruang_AR_Dissolve_Disso NAMOBJ [ORDE02] VB #</Process><Process ToolSource="c:\program files (x86)\arcgis\desktop10.3\ArcToolbox\Toolboxes\Data Management Tools.tbx\CalculateField" Date="20191114" Time="120227">CalculateField Pola_Ruang_AR_Dissolve_Disso KKOP_1 "Tidak Ada" VB #</Process><Process ToolSource="c:\program files (x86)\arcgis\desktop10.3\ArcToolbox\Toolboxes\Data Management Tools.tbx\CalculateField" Date="20191114" Time="135438">CalculateField Pola_Ruang_AR_Dissolve1 KRB_03 " " VB #</Process><Process ToolSource="c:\program files (x86)\arcgis\desktop10.3\ArcToolbox\Toolboxes\Data Management Tools.tbx\CalculateField" Date="20191114" Time="135515">CalculateField Pola_Ruang_AR_Dissolve1 KETOBJ " " VB #</Process><Process ToolSource="c:\program files (x86)\arcgis\desktop10.3\ArcToolbox\Toolboxes\Data Management Tools.tbx\CalculateField" Date="20191114" Time="140111">CalculateField Pola_Ruang_AR_Dissolve1_Diss JNSSPR "Kawasan Budidaya" VB #</Process><Process ToolSource="c:\program files (x86)\arcgis\desktop10.3\ArcToolbox\Toolboxes\Data Management Tools.tbx\CalculateField" Date="20191114" Time="143435">CalculateField Pola_Ruang_AR_Identity7 WADMKK [Kota] VB #</Process><Process ToolSource="c:\program files (x86)\arcgis\desktop10.3\ArcToolbox\Toolboxes\Data Management Tools.tbx\CalculateField" Date="20191114" Time="143553">CalculateField Pola_Ruang_AR_Identity7 WADMKC [Kecamatan] VB #</Process><Process ToolSource="c:\program files (x86)\arcgis\desktop10.3\ArcToolbox\Toolboxes\Data Management Tools.tbx\CalculateField" Date="20191114" Time="145745">CalculateField Pola_Ruang_AR_Identity7_Iden KRB_03 [Keterangan] VB #</Process><Process ToolSource="c:\program files (x86)\arcgis\desktop10.3\ArcToolbox\Toolboxes\Data Management Tools.tbx\CalculateField" Date="20191114" Time="155335">CalculateField Pola_Ruang_AR_14112019 KETOBJ "Jalan" VB #</Process><Process ToolSource="c:\program files (x86)\arcgis\desktop10.3\ArcToolbox\Toolboxes\Data Management Tools.tbx\CalculateField" Date="20191115" Time="152355">CalculateField Pola_Ruang_AR_14112019_Ident4 KP2B_2 [LP2B_2] VB #</Process><Process ToolSource="c:\program files (x86)\arcgis\desktop10.3\ArcToolbox\Toolboxes\Data Management Tools.tbx\CalculateField" Date="20191115" Time="152417">CalculateField Pola_Ruang_AR_14112019_Ident4 KP2B_2 "Tidak Ada" VB #</Process><Process ToolSource="c:\program files (x86)\arcgis\desktop10.3\ArcToolbox\Toolboxes\Data Management Tools.tbx\CalculateField" Date="20191121" Time="174750">CalculateField Pola_Ruang_AR_15112019 JNSSPR "Kawasan Budidaya" VB #</Process><Process ToolSource="c:\program files (x86)\arcgis\desktop10.3\ArcToolbox\Toolboxes\Data Management Tools.tbx\CalculateField" Date="20191121" Time="175440">CalculateField Pola_Ruang_AR_15112019 ORDE02 "Kawasan Pelestarian Alam (KPA)" VB #</Process><Process ToolSource="c:\program files (x86)\arcgis\desktop10.3\ArcToolbox\Toolboxes\Data Management Tools.tbx\CalculateField" Date="20191121" Time="175625">CalculateField Pola_Ruang_AR_15112019 NAMOBJ [ORDE03] VB #</Process><Process ToolSource="c:\program files (x86)\arcgis\desktop10.3\ArcToolbox\Toolboxes\Data Management Tools.tbx\CalculateField" Date="20191121" Time="175634">CalculateField Pola_Ruang_AR_15112019 JNSSPR "Kawasan Lindung" VB #</Process><Process ToolSource="c:\program files (x86)\arcgis\desktop10.3\ArcToolbox\Toolboxes\Data Management Tools.tbx\CalculateField" Date="20191121" Time="175729">CalculateField Pola_Ruang_AR_15112019 ORDE03 "Taman Kota" VB #</Process><Process ToolSource="c:\program files (x86)\arcgis\desktop10.3\ArcToolbox\Toolboxes\Data Management Tools.tbx\CalculateField" Date="20191121" Time="180105">CalculateField Pola_Ruang_AR_15112019 NAMOBJ [ORDE03] VB #</Process><Process ToolSource="c:\program files (x86)\arcgis\desktop10.3\ArcToolbox\Toolboxes\Data Management Tools.tbx\CalculateField" Date="20191121" Time="180127">CalculateField Pola_Ruang_AR_15112019 NAMOBJ [ORDE03] VB #</Process><Process ToolSource="c:\program files (x86)\arcgis\desktop10.3\ArcToolbox\Toolboxes\Data Management Tools.tbx\CalculateField" Date="20191121" Time="180212">CalculateField Pola_Ruang_AR_15112019 NAMOBJ [ORDE02] VB #</Process><Process ToolSource="c:\program files (x86)\arcgis\desktop10.8\ArcToolbox\Toolboxes\Analysis Tools.tbx\Identity" Date="20201202" Time="124622">Identity Pola_Ruang_AR_02122020 Pertanian_Analisis_ATR_Ident "D:\2019 PETA RTRW KOTA DENPASAR\Perbaikan 09112019\Pertanian\Pola_Ruang_RTRW_KP2B.shp" ALL # NO_RELATIONSHIPS</Process><Process ToolSource="c:\program files (x86)\arcgis\desktop10.8\ArcToolbox\Toolboxes\Data Management Tools.tbx\CalculateField" Date="20201202" Time="125155">CalculateField Pola_Ruang_RTRW_KP2B KP2B " " VB #</Process><Process ToolSource="c:\program files (x86)\arcgis\desktop10.8\ArcToolbox\Toolboxes\Data Management Tools.tbx\CalculateField" Date="20201202" Time="125200">CalculateField Pola_Ruang_RTRW_KP2B LP2B " " VB #</Process><Process ToolSource="c:\program files (x86)\arcgis\desktop10.8\ArcToolbox\Toolboxes\Data Management Tools.tbx\CalculateField" Date="20201202" Time="125252">CalculateField Pola_Ruang_RTRW_KP2B KP2B_2 " " VB #</Process><Process ToolSource="c:\program files (x86)\arcgis\desktop10.8\ArcToolbox\Toolboxes\Data Management Tools.tbx\Dissolve" Date="20201202" Time="125314">Dissolve Pola_Ruang_RTRW_KP2B C:\Users\user\Documents\ArcGIS\Default.gdb\Pola_Ruang_RTRW_KP2B_Dissolv JNSSPR;NAMOBJ;ORDE01;ORDE02;ORDE03;ORDE04;WADMKK;WADMKC;KKOP_1;KP2B_2;KRB_03;KETOBJ # MULTI_PART DISSOLVE_LINES</Process><Process ToolSource="c:\program files (x86)\arcgis\desktop10.8\ArcToolbox\Toolboxes\Analysis Tools.tbx\Identity" Date="20201202" Time="125400">Identity Pola_Ruang_RTRW_KP2B_Dissolv Pertanian_Analisis_ATR_Disso C:\Users\user\Documents\ArcGIS\Default.gdb\Pola_Ruang_RTRW_KP2B_Dissolv1 ALL # NO_RELATIONSHIPS</Process><Process ToolSource="c:\program files (x86)\arcgis\desktop10.8\ArcToolbox\Toolboxes\Data Management Tools.tbx\CalculateField" Date="20201202" Time="125425">CalculateField Pola_Ruang_RTRW_KP2B_Dissolv1 KP2B_2 "Ada" VB #</Process><Process ToolSource="c:\program files (x86)\arcgis\desktop10.8\ArcToolbox\Toolboxes\Data Management Tools.tbx\CalculateField" Date="20201202" Time="125437">CalculateField Pola_Ruang_RTRW_KP2B_Dissolv1 KP2B_2 "Tidak Ada" VB #</Process><Process ToolSource="c:\program files (x86)\arcgis\desktop10.8\ArcToolbox\Toolboxes\Analysis Tools.tbx\Identity" Date="20201202" Time="130006">Identity Pola_Ruang_RTRW_KP2B _5171_25KT_AR_PR_DENPASAR_205 C:\Users\user\Documents\ArcGIS\Default.gdb\Pola_Ruang_RTRW_KP2B_Identit ALL # NO_RELATIONSHIPS</Process><Process ToolSource="c:\program files (x86)\arcgis\desktop10.8\ArcToolbox\Toolboxes\Data Management Tools.tbx\Dissolve" Date="20201202" Time="130835">Dissolve Pola_Ruang_RTRW_KP2B_Identit C:\Users\user\Documents\ArcGIS\Default.gdb\Pola_Ruang_RTRW_KP2B_Identit1 JNSSPR;NAMOBJ;ORDE01;ORDE02;ORDE03;ORDE04;WADMKK;WADMKC;KKOP_1;KP2B_2;KRB_03;KETOBJ # MULTI_PART DISSOLVE_LINES</Process><Process ToolSource="c:\program files (x86)\arcgis\desktop10.8\ArcToolbox\Toolboxes\Analysis Tools.tbx\Identity" Date="20201202" Time="155024">Identity Pola_Ruang_RTRW_KP2B Pertanian_Analisis_ATR_Disso C:\Users\user\Documents\ArcGIS\Default.gdb\Pola_Ruang_RTRW_KP2B_Identit2 ALL # NO_RELATIONSHIPS</Process><Process ToolSource="c:\program files (x86)\arcgis\desktop10.8\ArcToolbox\Toolboxes\Data Management Tools.tbx\CalculateField" Date="20201202" Time="155129">CalculateField Pola_Ruang_RTRW_KP2B_Identit2 KP2B_2 "Ada" VB #</Process><Process ToolSource="c:\program files (x86)\arcgis\desktop10.8\ArcToolbox\Toolboxes\Data Management Tools.tbx\CalculateField" Date="20201202" Time="155143">CalculateField Pola_Ruang_RTRW_KP2B_Identit2 KP2B_2 "Tidak Ada" VB #</Process><Process ToolSource="c:\program files (x86)\arcgis\desktop10.8\ArcToolbox\Toolboxes\Data Management Tools.tbx\Dissolve" Date="20201202" Time="155212">Dissolve Pola_Ruang_RTRW_KP2B_Identit2 C:\Users\user\Documents\ArcGIS\Default.gdb\Pola_Ruang_RTRW_KP2B_Identit3 JNSSPR;NAMOBJ;ORDE01;ORDE02;ORDE03;ORDE04;WADMKK;WADMKC;KKOP_1;KP2B_2;KRB_03;KETOBJ # MULTI_PART DISSOLVE_LINES</Process><Process ToolSource="c:\program files (x86)\arcgis\desktop10.8\ArcToolbox\Toolboxes\Data Management Tools.tbx\CalculateField" Date="20201202" Time="155451">CalculateField Pola_Ruang_RTRW_KP2B_Identit3 KP2B_2 " " VB #</Process><Process ToolSource="c:\program files (x86)\arcgis\desktop10.8\ArcToolbox\Toolboxes\Data Management Tools.tbx\Dissolve" Date="20201202" Time="155512">Dissolve Pola_Ruang_RTRW_KP2B_Identit3 C:\Users\user\Documents\ArcGIS\Default.gdb\Pola_Ruang_RTRW_KP2B_Identit4 JNSSPR;NAMOBJ;ORDE01;ORDE02;ORDE03;ORDE04;WADMKK;WADMKC;KKOP_1;KP2B_2;KRB_03;KETOBJ # MULTI_PART DISSOLVE_LINES</Process><Process ToolSource="c:\program files (x86)\arcgis\desktop10.8\ArcToolbox\Toolboxes\Analysis Tools.tbx\Identity" Date="20201202" Time="155554">Identity Pola_Ruang_RTRW_KP2B_Identit4 Pertanian_Analisis_ATR_Disso C:\Users\user\Documents\ArcGIS\Default.gdb\Pola_Ruang_RTRW_KP2B_Identit5 ALL # NO_RELATIONSHIPS</Process><Process ToolSource="c:\program files (x86)\arcgis\desktop10.8\ArcToolbox\Toolboxes\Data Management Tools.tbx\CalculateField" Date="20201202" Time="155702">CalculateField Pola_Ruang_RTRW_KP2B_Identit5 KP2B_2 "Ada" VB #</Process><Process ToolSource="c:\program files (x86)\arcgis\desktop10.8\ArcToolbox\Toolboxes\Data Management Tools.tbx\CalculateField" Date="20201202" Time="155718">CalculateField Pola_Ruang_RTRW_KP2B_Identit5 KP2B_2 "Tidak Ada" VB #</Process><Process ToolSource="c:\program files (x86)\arcgis\desktop10.8\ArcToolbox\Toolboxes\Data Management Tools.tbx\Dissolve" Date="20201202" Time="160756">Dissolve Pola_Ruang_RTRW_KP2B_Identit5 C:\Users\user\Documents\ArcGIS\Default.gdb\Pola_Ruang_RTRW_KP2B_Identit8 JNSSPR;NAMOBJ;ORDE01;ORDE02;ORDE03;ORDE04;WADMKK;WADMKC;KKOP_1;KP2B_2;KRB_03 # MULTI_PART DISSOLVE_LINES</Process><Process ToolSource="c:\program files (x86)\arcgis\desktop10.8\ArcToolbox\Toolboxes\Data Management Tools.tbx\CalculateField" Date="20210408" Time="101023">CalculateField Pola_Ruang_AR_ KP2B_2 "Tidak Ada" VB #</Process><Process ToolSource="c:\program files (x86)\arcgis\desktop10.8\ArcToolbox\Toolboxes\Data Management Tools.tbx\Dissolve" Date="20210408" Time="101106">Dissolve Pola_Ruang_AR_ C:\Users\user\Documents\ArcGIS\Default.gdb\Pola_Ruang_AR__Dissolve JNSSPR;NAMOBJ;ORDE01;ORDE02;ORDE03;ORDE04;WADMKK;WADMKC;KKOP_1;KP2B_2;KRB_03 # MULTI_PART DISSOLVE_LINES</Process><Process ToolSource="c:\program files (x86)\arcgis\desktop10.8\ArcToolbox\Toolboxes\Analysis Tools.tbx\Identity" Date="20210408" Time="103500">Identity Pola_Ruang_AR_ _KP2B_PR__Dissolve C:\Users\user\Documents\ArcGIS\Default.gdb\Pola_Ruang_AR__Identity2 ALL # NO_RELATIONSHIPS</Process><Process ToolSource="c:\program files (x86)\arcgis\desktop10.8\ArcToolbox\Toolboxes\Data Management Tools.tbx\CalculateField" Date="20210408" Time="103710">CalculateField Pola_Ruang_AR__Identity2 KP2B_2 "KP2B" VB #</Process><Process ToolSource="c:\program files (x86)\arcgis\desktop10.8\ArcToolbox\Toolboxes\Analysis Tools.tbx\Identity" Date="20210413" Time="114510">Identity Pola_Ruang_AR_ Pola_Ruang_AR__Dissolve2_Ide C:\Users\user\Documents\ArcGIS\Default.gdb\Pola_Ruang_AR__Identity3 ALL # NO_RELATIONSHIPS</Process><Process ToolSource="c:\program files (x86)\arcgis\desktop10.8\ArcToolbox\Toolboxes\Data Management Tools.tbx\Dissolve" Date="20210413" Time="114559">Dissolve Pola_Ruang_AR__Identity3 C:\Users\user\Documents\ArcGIS\Default.gdb\Pola_Ruang_AR__Identity3_Dis Desa_Lurah;Kecamatan;Kota;Luas_Ha # MULTI_PART DISSOLVE_LINES</Process><Process ToolSource="c:\program files (x86)\arcgis\desktop10.8\ArcToolbox\Toolboxes\Data Management Tools.tbx\Dissolve" Date="20210413" Time="114656">Dissolve Pola_Ruang_AR__Identity3_Dis C:\Users\user\Documents\ArcGIS\Default.gdb\Pola_Ruang_AR__Identity3_Dis1 Desa_Lurah;Kecamatan;Kota # MULTI_PART DISSOLVE_LINES</Process><Process ToolSource="c:\program files (x86)\arcgis\desktop10.8\ArcToolbox\Toolboxes\Analysis Tools.tbx\Identity" Date="20210522" Time="122525">Identity Batas_Administrasi_AR_Rencana Rencana_Pola_Ruang_AR C:\Users\user\Documents\ArcGIS\Default.gdb\Batas_Administrasi_AR_Rencan14 ALL # NO_RELATIONSHIPS</Process><Process ToolSource="c:\program files (x86)\arcgis\desktop10.8\ArcToolbox\Toolboxes\Data Management Tools.tbx\Dissolve" Date="20210522" Time="122753">Dissolve Batas_Administrasi_AR_Rencan14 C:\Users\user\Documents\ArcGIS\Default.gdb\Batas_Administrasi_AR_Rencan15 Desa_Lurah;Kecamatan;Kota # MULTI_PART DISSOLVE_LINES</Process><Process ToolSource="c:\program files (x86)\arcgis\desktop10.8\ArcToolbox\Toolboxes\Analysis Tools.tbx\Union" Date="20210523" Time="152730">Union "Batas_Administrasi_AR_Rencana #;Rencana_Pola_Ruang_AR_Dissol #" C:\Users\user\Documents\ArcGIS\Default.gdb\Rencana_Pola_Ruang_AR_Dissol1 ALL # GAPS</Process><Process ToolSource="c:\program files (x86)\arcgis\desktop10.8\ArcToolbox\Toolboxes\Data Management Tools.tbx\Dissolve" Date="20210523" Time="152804">Dissolve Rencana_Pola_Ruang_AR_Dissol1 C:\Users\user\Documents\ArcGIS\Default.gdb\Rencana_Pola_Ruang_AR_Dissol2 Desa_Lurah;Kecamatan;Kota # MULTI_PART DISSOLVE_LINES</Process><Process ToolSource="c:\program files (x86)\arcgis\desktop10.8\ArcToolbox\Toolboxes\Analysis Tools.tbx\Identity" Date="20210911" Time="110026">Identity Batas_Administrasi_AR Curah_Hujan_AR C:\Users\user\Documents\ArcGIS\Default.gdb\Batas_Administrasi_AR_Identi397 ALL # NO_RELATIONSHIPS</Process><Process ToolSource="c:\program files (x86)\arcgis\desktop10.8\ArcToolbox\Toolboxes\Data Management Tools.tbx\Dissolve" Date="20210911" Time="110043">Dissolve Batas_Administrasi_AR_Identi397 C:\Users\user\Documents\ArcGIS\Default.gdb\Batas_Administrasi_AR_Identi398 Curah_Huja;Sumber # MULTI_PART DISSOLVE_LINES</Process></lineage><itemProps><itemName Sync="TRUE">Batas_Administrasi_AR_Identi398</itemName><imsContentType Sync="TRUE">002</imsContentType><itemSize Sync="TRUE">0.000</itemSize><itemLocation><linkage Sync="TRUE">file://\\BAGUS_RISMA\Users\user\Documents\ArcGIS\Default.gdb</linkage><protocol Sync="TRUE">Local Area Network</protocol></itemLocation></itemProps><coordRef><type Sync="TRUE">Projected</type><geogcsn Sync="TRUE">GCS_WGS_1984</geogcsn><csUnits Sync="TRUE">Linear Unit: Meter (1.000000)</csUnits><projcsn Sync="TRUE">WGS_1984_UTM_Zone_50S</projcsn><peXml Sync="TRUE">&lt;ProjectedCoordinateSystem xsi:type='typens:ProjectedCoordinateSystem' xmlns:xsi='http://www.w3.org/2001/XMLSchema-instance' xmlns:xs='http://www.w3.org/2001/XMLSchema' xmlns:typens='http://www.esri.com/schemas/ArcGIS/10.7'&gt;&lt;WKT&gt;PROJCS[&amp;quot;WGS_1984_UTM_Zone_50S&amp;quot;,GEOGCS[&amp;quot;GCS_WGS_1984&amp;quot;,DATUM[&amp;quot;D_WGS_1984&amp;quot;,SPHEROID[&amp;quot;WGS_1984&amp;quot;,6378137.0,298.257223563]],PRIMEM[&amp;quot;Greenwich&amp;quot;,0.0],UNIT[&amp;quot;Degree&amp;quot;,0.0174532925199433]],PROJECTION[&amp;quot;Transverse_Mercator&amp;quot;],PARAMETER[&amp;quot;False_Easting&amp;quot;,500000.0],PARAMETER[&amp;quot;False_Northing&amp;quot;,10000000.0],PARAMETER[&amp;quot;Central_Meridian&amp;quot;,117.0],PARAMETER[&amp;quot;Scale_Factor&amp;quot;,0.9996],PARAMETER[&amp;quot;Latitude_Of_Origin&amp;quot;,0.0],UNIT[&amp;quot;Meter&amp;quot;,1.0],AUTHORITY[&amp;quot;EPSG&amp;quot;,32750]]&lt;/WKT&gt;&lt;XOrigin&gt;-5120900&lt;/XOrigin&gt;&lt;YOrigin&gt;1900&lt;/YOrigin&gt;&lt;XYScale&gt;10000&lt;/XYScale&gt;&lt;ZOrigin&gt;-100000&lt;/ZOrigin&gt;&lt;ZScale&gt;10000&lt;/ZScale&gt;&lt;MOrigin&gt;-100000&lt;/MOrigin&gt;&lt;MScale&gt;10000&lt;/MScale&gt;&lt;XYTolerance&gt;0.001&lt;/XYTolerance&gt;&lt;ZTolerance&gt;0.001&lt;/ZTolerance&gt;&lt;MTolerance&gt;0.001&lt;/MTolerance&gt;&lt;HighPrecision&gt;true&lt;/HighPrecision&gt;&lt;WKID&gt;32750&lt;/WKID&gt;&lt;LatestWKID&gt;32750&lt;/LatestWKID&gt;&lt;/ProjectedCoordinateSystem&gt;</peXml></coordRef><copyHistory><copy source="D:\2021 RTRW KOTA DENPASAR\01 Peta Dasar\01_Batas_Administrasi\Batas_Administrasi_AR" dest="\\BAGUS_RISMA\D$\2021 RTRW KOTA DENPASAR\01 Peta Dasar\01_Batas_Administrasi\Batas_Administrasi_ARCopy" date="20210819" time="13570200"></copy></copyHistory></DataProperties><SyncDate>20210911</SyncDate><SyncTime>11004100</SyncTime><ModDate>20210911</ModDate><ModTime>11004100</ModTime></Esri><dataIdInfo><envirDesc Sync="TRUE"> Version 6.2 (Build 9200) ; Esri ArcGIS 10.8.0.12790</envirDesc><dataLang><languageCode value="eng" Sync="TRUE"></languageCode><countryCode value="IDN" Sync="TRUE"></countryCode></dataLang><idCitation><resTitle Sync="TRUE">Batas_Administrasi_AR_Identi398</resTitle><presForm><PresFormCd value="005" Sync="TRUE"></PresFormCd></presForm></idCitation><spatRpType><SpatRepTypCd value="001" Sync="TRUE"></SpatRepTypCd></spatRpType></dataIdInfo><mdLang><languageCode value="eng" Sync="TRUE"></languageCode><countryCode value="IDN" Sync="TRUE"></countryCode></mdLang><mdChar><CharSetCd value="004" Sync="TRUE"></CharSetCd></mdChar><distInfo><distFormat><formatName Sync="TRUE">File Geodatabase Feature Class</formatName></distFormat><distTranOps><transSize Sync="TRUE">0.000</transSize></distTranOps></distInfo><mdHrLv><ScopeCd value="005" Sync="TRUE"></ScopeCd></mdHrLv><mdHrLvName Sync="TRUE">dataset</mdHrLvName><refSysInfo><RefSystem><refSysID><identCode code="32750" Sync="TRUE"></identCode><idCodeSpace Sync="TRUE">EPSG</idCodeSpace><idVersion Sync="TRUE">6.11.1(3.0.1)</idVersion></refSysID></RefSystem></refSysInfo><spatRepInfo><VectSpatRep><geometObjs Name="Batas_Administrasi_AR_Identi398"><geoObjTyp><GeoObjTypCd value="002" Sync="TRUE"></GeoObjTypCd></geoObjTyp><geoObjCnt Sync="TRUE">0</geoObjCnt></geometObjs><topLvl><TopoLevCd value="001" Sync="TRUE"></TopoLevCd></topLvl></VectSpatRep></spatRepInfo><spdoinfo><ptvctinf><esriterm Name="Batas_Administrasi_AR_Identi398"><efeatyp Sync="TRUE">Simple</efeatyp><efeageom code="4" Sync="TRUE"></efeageom><esritopo Sync="TRUE">FALSE</esritopo><efeacnt Sync="TRUE">0</efeacnt><spindex Sync="TRUE">TRUE</spindex><linrefer Sync="TRUE">TRUE</linrefer></esriterm></ptvctinf></spdoinfo><eainfo><detailed Name="Batas_Administrasi_AR_Identi398"><enttyp><enttypl Sync="TRUE">Batas_Administrasi_AR_Identi398</enttypl><enttypt Sync="TRUE">Feature Class</enttypt><enttypc Sync="TRUE">0</enttypc></enttyp><attr><attrlabl Sync="TRUE">OBJECTID</attrlabl><attalias Sync="TRUE">FID</attalias><attrtype Sync="TRUE">OID</attrtype><attwidth Sync="TRUE">4</attwidth><atprecis Sync="TRUE">0</atprecis><attscale Sync="TRUE">0</attscale><attrdef Sync="TRUE">Internal feature number.</attrdef><attrdefs Sync="TRUE">Esri</attrdefs><attrdomv><udom Sync="TRUE">Sequential unique whole numbers that are automatically generated.</udom></attrdomv></attr><attr><attrlabl Sync="TRUE">Shape</attrlabl><attalias Sync="TRUE">Shape</attalias><attrtype Sync="TRUE">Geometry</attrtype><attwidth Sync="TRUE">0</attwidth><atprecis Sync="TRUE">0</atprecis><attscale Sync="TRUE">0</attscale><attrdef Sync="TRUE">Feature geometry.</attrdef><attrdefs Sync="TRUE">Esri</attrdefs><attrdomv><udom Sync="TRUE">Coordinates defining the features.</udom></attrdomv></attr><attr><attrlabl Sync="TRUE">Curah_Huja</attrlabl><attalias Sync="TRUE">Curah_Huja</attalias><attrtype Sync="TRUE">String</attrtype><attwidth Sync="TRUE">50</attwidth><atprecis Sync="TRUE">0</atprecis><attscale Sync="TRUE">0</attscale></attr><attr><attrlabl Sync="TRUE">Sumber</attrlabl><attalias Sync="TRUE">Sumber</attalias><attrtype Sync="TRUE">String</attrtype><attwidth Sync="TRUE">50</attwidth><atprecis Sync="TRUE">0</atprecis><attscale Sync="TRUE">0</attscale></attr><attr><attrlabl Sync="TRUE">Shape_Length</attrlabl><attalias Sync="TRUE">Shape_Length</attalias><attrtype Sync="TRUE">Double</attrtype><attwidth Sync="TRUE">8</attwidth><atprecis Sync="TRUE">0</atprecis><attscale Sync="TRUE">0</attscale><attrdef Sync="TRUE">Length of feature in internal units.</attrdef><attrdefs Sync="TRUE">Esri</attrdefs><attrdomv><udom Sync="TRUE">Positive real numbers that are automatically generated.</udom></attrdomv></attr><attr><attrlabl Sync="TRUE">Shape_Area</attrlabl><attalias Sync="TRUE">Shape_Area</attalias><attrtype Sync="TRUE">Double</attrtype><attwidth Sync="TRUE">8</attwidth><atprecis Sync="TRUE">0</atprecis><attscale Sync="TRUE">0</attscale><attrdef Sync="TRUE">Area of feature in internal units squared.</attrdef><attrdefs Sync="TRUE">Esri</attrdefs><attrdomv><udom Sync="TRUE">Positive real numbers that are automatically generated.</udom></attrdomv></attr></detailed></eainfo><mdDateSt Sync="TRUE">20210911</mdDateSt></metadata>
